{"type":"FeatureCollection", "features": [
{"type":"Feature","geometry":{"type":"Point","coordinates":[110.32880184049581,-8.009474025602211,0,0]},"properties":{"gid":1,"id_project":"1323026","project":"Jalan Baru Kretek Girijati (JOI Lender 525.5%)","coordinate":"UTM WGS 1984 Zone 48S","business_u":"Infrastructure II Division","epsg":32748,"link":"https://ptwaskita-my.sharepoint.com/:f:/g/personal/fahmi_waskita_co_id/Egc2wRyc63pGuEMQVVyKhqQB3BK31lQ0bb7k26b8abWRBQ?e=JOcA7A","status":"on going"}},
{"type":"Feature","geometry":{"type":"Point","coordinates":[116.69024762657253,-0.9904621430309053,0,0]},"properties":{"gid":2,"id_project":"1323045","project":"Pembangunan Jalan Seksi 6C-1 Sp.3 KIPP IKN","coordinate":"UTM WGS 1984 Zone 50S","business_u":"Infrastructure II Division","epsg":32750,"link":"https://ptwaskita-my.sharepoint.com/:f:/g/personal/fahmi_waskita_co_id/ErJweldQT9BCl8all17Kzc8B-iihJgFRdqR6bohBy_ZZrw?e=cTAE3f","status":"finished"}},
{"type":"Feature","geometry":{"type":"Point","coordinates":[116.69953394989383,-0.9716791835154724,0,0]},"properties":{"gid":3,"id_project":"1323025","project":"Jalan Distrik (Feeder) IKN","coordinate":"UTM WGS 1984 Zone 50S","business_u":"Infrastructure II Division","epsg":32750,"link":"https://ptwaskita-my.sharepoint.com/:f:/g/personal/fahmi_waskita_co_id/EvvwihL1NYZKr4Itf2WITHEBCAbbJMc4oFehsu6O48n6rw?e=dSaWer","status":"finished"}},
{"type":"Feature","geometry":{"type":"Point","coordinates":[106.78938276816402,-6.881205021252155,0,0]},"properties":{"gid":4,"id_project":"1323042","project":"Jalan Tol Bocimi 3","coordinate":"UTM WGS 1984 Zone 48S","business_u":"Infrastructure II Division","epsg":32748,"link":"https://ptwaskita-my.sharepoint.com/:f:/g/personal/fahmi_waskita_co_id/ElPR9EfCwZBNj-rQxzIPbREBWW6dcIg_vOXARagSh_r0_Q?e=wzj3Ri","status":"on going"}},
{"type":"Feature","geometry":{"type":"Point","coordinates":[107.34817096775305,-6.435386901783734,0,0]},"properties":{"gid":5,"id_project":"1319006","project":"Proyek Tol Japek 2 Selatan Paket 3 Induk","coordinate":"UTM WGS 1984 Zone 48S","business_u":"Infrastructure II Division","epsg":32748,"link":"https://ptwaskita-my.sharepoint.com/:f:/g/personal/fahmi_waskita_co_id/EsblmzBj0hVHlDeITJEcSj4BpKzEGIl8qMBKax4eGhMo-A?e=sWZUhe","status":"on going"}},
{"type":"Feature","geometry":{"type":"Point","coordinates":[107.77829794476607,-6.335229494893063,0,0]},"properties":{"gid":7,"id_project":"1324001","project":"Jalan Tol Patimban Seksi 2","coordinate":"UTM WGS 1984 Zone 48S","business_u":"Infrastructure II Division","epsg":32748,"link":"https://ptwaskita-my.sharepoint.com/:f:/g/personal/fahmi_waskita_co_id/EihXVV0umINMviLEBRoVKHABtecr7ENp2w0CD4vbB3m2fA?e=80sosd","status":"on going"}},
{"type":"Feature","geometry":{"type":"Point","coordinates":[104.75486505561891,-2.9526124898853365,0,0]},"properties":{"gid":8,"id_project":"1322008","project":"FO Simpang Sekip - Palembang JOI 65%","coordinate":"UTM WGS 1984 Zone 48S","business_u":"Infrastructure II Division","epsg":32748,"link":"https://ptwaskita-my.sharepoint.com/:f:/g/personal/fahmi_waskita_co_id/EsMMca7gSepClBoREG2hAYEBZebQadLeFb0MtDCExnqsNw?e=pToq1J","status":"finished"}},
{"type":"Feature","geometry":{"type":"Point","coordinates":[105.80097176680114,-6.519515335928997,0,0]},"properties":{"gid":9,"id_project":"1324003","project":"Jalan Tol Serang-Panimbang Seksi III Fase 2 Paket 3","coordinate":"UTM WGS 1984 Zone 48S","business_u":"Infrastructure II Division","epsg":32748,"link":"https://ptwaskita-my.sharepoint.com/:f:/g/personal/fahmi_waskita_co_id/ElPR9EfCwZBNj-rQxzIPbREBWW6dcIg_vOXARagSh_r0_Q?e=wzj3Ri","status":"hold"}},
{"type":"Feature","geometry":{"type":"Point","coordinates":[128.3274853465879,2.4549909042193496,0,0]},"properties":{"gid":11,"id_project":"1320027","project":"Pemabangunan Jalan Sofi - Wayabula 1","coordinate":"UTM WGS 1984 Zone 52N","business_u":"Infrastructure II Division","epsg":32652,"link":"","status":"finished"}},
{"type":"Feature","geometry":{"type":"Point","coordinates":[113.5643868010034,-7.72590747130179,0,0]},"properties":{"gid":12,"id_project":"1323020","project":"Tol Probolinggo Banyuwangi Paket 3 (JOI member 25%)","coordinate":"UTM WGS 1984 Zone 49S","business_u":"Infrastructure II Division","epsg":32749,"link":"https://ptwaskita-my.sharepoint.com/:f:/g/personal/fahmi_waskita_co_id/EgBhZt9h2CtIqzT9s5SN2u8BFOFo9cC3qsQsqx9-BExuVQ?e=7aP7ix","status":"on going"}},
{"type":"Feature","geometry":{"type":"Point","coordinates":[107.90936035179935,-6.232777521683272,0,0]},"properties":{"gid":13,"id_project":"1323007","project":"Patimban Port Development Paket 5 (JOI member 15%)","coordinate":"UTM WGS 1984 Zone 48S","business_u":"Infrastructure II Division","epsg":32748,"link":"https://ptwaskita-my.sharepoint.com/:f:/g/personal/fahmi_waskita_co_id/EnPISRaY7HRCqlK7ejMAvngBtOSTAW_M8eHV2IU2vkFSag?e=JwI6Np","status":"on going"}},
{"type":"Feature","geometry":{"type":"Point","coordinates":[109.94348023547221,-6.9266056372993745,0,0]},"properties":{"gid":15,"id_project":"1323043","project":"Pematangan Lahan KIT Batang Klaster 1 Fase 2 Tahap 1","coordinate":"UTM WGS 1984 Zone 49S","business_u":"Infrastructure II Division","epsg":32749,"link":"https://ptwaskita-my.sharepoint.com/:f:/g/personal/fahmi_waskita_co_id/ErFOnXLoW2pMj5aR8bAcwOwB2Oqw_Cg32L0V08K4-HkC6w?e=kWpFO7","status":"finished"}},
{"type":"Feature","geometry":{"type":"Point","coordinates":[106.79649320939178,-6.787393427829837,0,0]},"properties":{"gid":16,"id_project":"1316019","project":"Jalan Tol Bocimi Seksi 2","coordinate":"UTM WGS 1984 Zone 48S","business_u":"Infrastructure II Division","epsg":32748,"link":"https://ptwaskita-my.sharepoint.com/:f:/g/personal/fahmi_waskita_co_id/EsblmzBj0hVHlDeITJEcSj4BpKzEGIl8qMBKax4eGhMo-A?e=sWZUhe","status":"finished"}},
{"type":"Feature","geometry":{"type":"Point","coordinates":[115.99050328018409,3.766803192447474,0,0]},"properties":{"gid":17,"id_project":"1321025","project":"Jalan Long Semawu - Long Bawan 2 (JOP 70%)","coordinate":"UTM WGS 1984 Zone 50N","business_u":"Infrastructure II Division","epsg":32650,"link":"https://ptwaskita-my.sharepoint.com/:f:/g/personal/fahmi_waskita_co_id/ElJbJLtZ8DpDsEmIoyCZIxEBZO0Rm4mucrOmw8Xg6iQI1Q?e=kpAiB8","status":"finished"}},
{"type":"Feature","geometry":{"type":"Point","coordinates":[113.30899164005045,-7.821731620728907,0,0]},"properties":{"gid":18,"id_project":"1417059","project":"Jalan Tol Paspro Seksi 4","coordinate":"UTM WGS 1984 Zone 49S","business_u":"Infrastructure II Division","epsg":32749,"link":"https://ptwaskita-my.sharepoint.com/:f:/g/personal/fahmi_waskita_co_id/EsblmzBj0hVHlDeITJEcSj4BpKzEGIl8qMBKax4eGhMo-A?e=sWZUhe","status":"finished"}},
{"type":"Feature","geometry":{"type":"Point","coordinates":[106.95066105536603,-6.122097848143941,0,0]},"properties":{"gid":19,"id_project":"1317039","project":"Jalan Tol Cibitung - CIlincing Seksi 2","coordinate":"UTM WGS 1984 Zone 48S","business_u":"Infrastructure II Division","epsg":32748,"link":"https://ptwaskita-my.sharepoint.com/:f:/g/personal/fahmi_waskita_co_id/Ev3vv6cjp4ZBoWbroc3hO-QB6S41SyQ1vO9bVcem94iR6w?e=nxOtBj","status":"finished"}},
{"type":"Feature","geometry":{"type":"Point","coordinates":[107.0181996660453,-6.353847451459115,0,0]},"properties":{"gid":20,"id_project":"1316022","project":"Tol Cimanggis Cibitung Seksi 2","coordinate":"UTM WGS 1984 Zone 48S","business_u":"Infrastructure II Division","epsg":32748,"link":"https://ptwaskita-my.sharepoint.com/:f:/g/personal/fahmi_waskita_co_id/Ev3vv6cjp4ZBoWbroc3hO-QB6S41SyQ1vO9bVcem94iR6w?e=c5ONMe","status":"finished"}},
{"type":"Feature","geometry":{"type":"Point","coordinates":[116.71529537687526,-0.949126585608693,0,0]},"properties":{"gid":21,"id_project":"1322032","project":"Jalan IKN Sepaku Segmen 4 JOI 70%","coordinate":"UTM WGS 1984 Zone 50S","business_u":"Infrastructure II Division","epsg":32750,"link":"https://ptwaskita-my.sharepoint.com/:f:/g/personal/fahmi_waskita_co_id/EtWtr-qYOf1Onmrfbiyjk8IByt8N4Ycy5bF-znYd7rG9Mg?e=4YPMfe","status":"finished"}},
{"type":"Feature","geometry":{"type":"Point","coordinates":[112.00587490575376,-8.294420591569041,0,0]},"properties":{"gid":22,"id_project":"1322007","project":"Jalan dan Jembatan Batas Kab. Blitar","coordinate":"UTM WGS 1984 Zone 49S","business_u":"Infrastructure II Division","epsg":32749,"link":"https://ptwaskita-my.sharepoint.com/:f:/g/personal/fahmi_waskita_co_id/EukNTyiE9AZPg-K7syXBaCwBg9FfgvU8d9F123QPcQY9Ww?e=hCc0w9","status":"finished"}},
{"type":"Feature","geometry":{"type":"Point","coordinates":[134.863340932349,-3.264314709054351,0,0]},"properties":{"gid":23,"id_project":"1322039","project":"Rekonstruksi Jl. Kwatisore - Papua JOI 70%","coordinate":"UTM WGS 1984 Zone 53S","business_u":"Infrastructure II Division","epsg":32753,"link":"https://ptwaskita-my.sharepoint.com/:f:/g/personal/fahmi_waskita_co_id/ElAXrS2f5XtNgFKGbls1S60BRflWU7eSVTHYNS35cJYEng?e=ff2Izs","status":"finished"}},
{"type":"Feature","geometry":{"type":"Point","coordinates":[107.18725883638287,-6.418411917434244,0,0]},"properties":{"gid":24,"id_project":"1323023","project":"Underpass Deltamas SS Sukabungah","coordinate":"UTM WGS 1984 Zone 48S","business_u":"Infrastructure II Division","epsg":32748,"link":"https://ptwaskita-my.sharepoint.com/:f:/g/personal/fahmi_waskita_co_id/EoEi6zH2wBhMnNrNuh6em9YBcxX4yWl-CrKD0Jf2IEqQAg?e=oXPlWS","status":"finished"}},
{"type":"Feature","geometry":{"type":"Point","coordinates":[116.66357807409699,-1.0121136583861041,0,0]},"properties":{"gid":26,"id_project":"1325012","project":"Peningkatan Jalan Paket D KIPP 1C","coordinate":"UTM WGS 1984 Zone 50S","business_u":"Infrastructure II Division","epsg":32750,"link":"https://ptwaskita-my.sharepoint.com/:f:/g/personal/fahmi_waskita_co_id/EiY2xHfAfCNEvZq7PYjNPQYBPBGFOL7X6prQb563E4eaRg?e=ENUe1E","status":"on going"}},
{"type":"Feature","geometry":{"type":"Point","coordinates":[116.79020552376673,-1.137319065096001,0,0]},"properties":{"gid":27,"id_project":"1324004","project":"Jalan Tol IKN Seksi 3B","coordinate":"UTM WGS 1984 Zone 50S","business_u":"Infrastructure II Division","epsg":32750,"link":"https://ptwaskita-my.sharepoint.com/:f:/g/personal/fahmi_waskita_co_id/Ektwhy35SkpNlD_UzSBMqzQBBw5C_dqy2FU8X9cp87R3ZQ?e=hWGglg","status":"on going"}},
{"type":"Feature","geometry":{"type":"Point","coordinates":[115.81663597783589,-0.8733678321295618,0,0]},"properties":{"gid":28,"id_project":"1320031","project":"Jalan Sp. Blusuh - BTS Kalteng JOP 62.5","coordinate":"UTM WGS 1984 Zone 50S","business_u":"Infrastructure II Division","epsg":32750,"link":"https://ptwaskita-my.sharepoint.com/:f:/g/personal/fahmi_waskita_co_id/EhsrznsiOttNmhmKDhzr0-cB-eOyvIKihZAVOvb4ohRG7Q?e=XR6cSB","status":"finished"}},
{"type":"Feature","geometry":{"type":"Point","coordinates":[119.85842554575993,-0.8856305407513155,0,0]},"properties":{"gid":29,"id_project":"1322024","project":"Rekonstruksi Jembatan Palu 4","coordinate":"UTM WGS 1984 Zone 50S","business_u":"Infrastructure II Division","epsg":32750,"link":"https://ptwaskita-my.sharepoint.com/:f:/g/personal/fahmi_waskita_co_id/EqL4XJcuiTJKgE8J0dvGCtcBQNTvhch8g7DgycWT4aj7Lw?e=y1PHT7","status":"finished"}},
{"type":"Feature","geometry":{"type":"Point","coordinates":[116.73331207619141,-1.1066695982871126,0,0]},"properties":{"gid":30,"id_project":"1322033","project":"Tol IKN Tempadung - Pulau Balang (JOI 50%)","coordinate":"UTM WGS 1984 Zone 50S","business_u":"Infrastructure II Division","epsg":32750,"link":"https://ptwaskita-my.sharepoint.com/:f:/g/personal/fahmi_waskita_co_id/EmPx9iuSnq1DoGDQ-dqYNigBxGCALRcoRdoGb6HRrIBvmw?e=YKf8IL","status":"finished"}},
{"type":"Feature","geometry":{"type":"Point","coordinates":[115.14367222279486,-8.205549956121764,0,0]},"properties":{"gid":34,"id_project":"1325037","project":"Pembangunan Shortcut Jalan Mengwitani-Singaraja","coordinate":"UTM WGS 1984 Zone 50S","business_u":"Infrastructure II Division","epsg":32750,"link":"https://ptwaskita-my.sharepoint.com/:f:/g/personal/fahmi_waskita_co_id/IgAwxwvwI5nnSpIeJIuBYaYFAY7D5rCM2OjOmZhJ5rryHYk?e=3CQYP8","status":"on going"}},
{"type":"Feature","geometry":{"type":"Point","coordinates":[107.07536081836025,-6.13767211914385,0,0]},"properties":{"gid":6,"id_project":"1321047","project":"Jalan Akses dan Kawasan Avasta","coordinate":"UTM WGS 1984 Zone 48S","business_u":"Infrastructure II Division","epsg":32748,"link":"https://ptwaskita-my.sharepoint.com/:p:/r/personal/fahmi_waskita_co_id/_layouts/15/Doc.aspx?sourcedoc=%7B7A50CD1F-AC11-4A3A-BA31-0FCAFCBA5709%7D&file=Site%20facility%20avasta.pptx&action=edit&mobileredirect=true","status":"hold"}},
{"type":"Feature","geometry":{"type":"Point","coordinates":[112.11117006048877,-8.3098320355904,0,0]},"properties":{"gid":10,"id_project":"1323039","project":"Jalan Lot 2 Buluwalang-Sidomulyo-Tambakrejo (JOI 40%)","coordinate":"UTM WGS 1984 Zone 49S","business_u":"Infrastructure II Division","epsg":32749,"link":"https://ptwaskita-my.sharepoint.com/:f:/g/personal/fahmi_waskita_co_id/Ek99HK7t7GRAkHfgub72tkQBP9XU5kx0AhVqUQZVbg0CAA?e=qLqVMT","status":"finished"}},
{"type":"Feature","geometry":{"type":"Point","coordinates":[116.69438522270806,-1.1501553854702158,0,0]},"properties":{"gid":14,"id_project":"1324008","project":"Jalan Akses Bandara VVIP IKN","coordinate":"UTM WGS 1984 Zone 50S","business_u":"Infrastructure II Division","epsg":32750,"link":"https://ptwaskita-my.sharepoint.com/:f:/g/personal/fahmi_waskita_co_id/EnPISRaY7HRCqlK7ejMAvngBtOSTAW_M8eHV2IU2vkFSag?e=JwI6Np","status":"finished"}},
{"type":"Feature","geometry":{"type":"Point","coordinates":[103.71401564588194,-1.985169159794245,0,0]},"properties":{"gid":25,"id_project":"1323019","project":"Jalan Tol Bayunglencir - Tempino Seksi 1","coordinate":"UTM WGS 1984 Zone 49S","business_u":"Infrastructure II Division","epsg":32749,"link":"https://ptwaskita-my.sharepoint.com/:f:/g/personal/fahmi_waskita_co_id/EguIyerIoRpOvC1O9Q75pD8Bws9N4FTYRTHyewPrtV1epw?e=yQTLJy","status":"finished"}},
{"type":"Feature","geometry":{"type":"Point","coordinates":[116.6582829416237,-1.0509594975599756,0,0]},"properties":{"gid":33,"id_project":"1325026","project":"Pembangunan Jalan Kawasan Kompleks Yudikatif IKN","coordinate":"UTM WGS 1984 Zone 50S","business_u":"Infrastructure II Division","epsg":32750,"link":"https://ptwaskita-my.sharepoint.com/:f:/g/personal/fahmi_waskita_co_id/IgDAJ5BFOfIvTqmEYwwipGnbATGbvTh5Kf8Pv6m9bHYl2lM?e=uCqB3S","status":"on going"}}
]}