{"type":"FeatureCollection", "features": [
{"type":"Feature","geometry":{"type":"Point","coordinates":[110.328801840496,-8.00947402560221,0]},"properties":{"gid":1,"__gid":2,"id_project":"1323026","project":"Jalan Baru Kretek Girijati (JOI Lender 525.5%)","coordinate":"UTM WGS 1984 Zone 48S","business_u":"Infrastructure II Division","epsg":32748,"link":"https://ptwaskita-my.sharepoint.com/:f:/g/personal/fahmi_waskita_co_id/Egc2wRyc63pGuEMQVVyKhqQB3BK31lQ0bb7k26b8abWRBQ?e=JOcA7A","status":"on going"},"id":"infra2_sitelocation.1"},
{"type":"Feature","geometry":{"type":"Point","coordinates":[116.690247626573,-0.990462143030905,0]},"properties":{"gid":2,"__gid":3,"id_project":"1323045","project":"Pembangunan Jalan Seksi 6C-1 Sp.3 KIPP IKN","coordinate":"UTM WGS 1984 Zone 50S","business_u":"Infrastructure II Division","epsg":32750,"link":"https://ptwaskita-my.sharepoint.com/:f:/g/personal/fahmi_waskita_co_id/ErJweldQT9BCl8all17Kzc8B-iihJgFRdqR6bohBy_ZZrw?e=cTAE3f","status":"finished"},"id":"infra2_sitelocation.2"},
{"type":"Feature","geometry":{"type":"Point","coordinates":[116.699533949894,-0.971679183515472,0]},"properties":{"gid":3,"__gid":5,"id_project":"1323025","project":"Jalan Distrik (Feeder) IKN","coordinate":"UTM WGS 1984 Zone 50S","business_u":"Infrastructure II Division","epsg":32750,"link":"https://ptwaskita-my.sharepoint.com/:f:/g/personal/fahmi_waskita_co_id/EvvwihL1NYZKr4Itf2WITHEBCAbbJMc4oFehsu6O48n6rw?e=dSaWer","status":"finished"},"id":"infra2_sitelocation.3"},
{"type":"Feature","geometry":{"type":"Point","coordinates":[106.789382768164,-6.88120502125216,0]},"properties":{"gid":4,"__gid":8,"id_project":"1323042","project":"Jalan Tol Bocimi 3","coordinate":"UTM WGS 1984 Zone 48S","business_u":"Infrastructure II Division","epsg":32748,"link":"https://ptwaskita-my.sharepoint.com/:f:/g/personal/fahmi_waskita_co_id/ElPR9EfCwZBNj-rQxzIPbREBWW6dcIg_vOXARagSh_r0_Q?e=wzj3Ri","status":"on going"},"id":"infra2_sitelocation.4"},
{"type":"Feature","geometry":{"type":"Point","coordinates":[107.348170967753,-6.43538690178373,0]},"properties":{"gid":5,"__gid":9,"id_project":"1319006","project":"Proyek Tol Japek 2 Selatan Paket 3 Induk","coordinate":"UTM WGS 1984 Zone 48S","business_u":"Infrastructure II Division","epsg":32748,"link":"https://ptwaskita-my.sharepoint.com/:f:/g/personal/fahmi_waskita_co_id/EsblmzBj0hVHlDeITJEcSj4BpKzEGIl8qMBKax4eGhMo-A?e=sWZUhe","status":"on going"},"id":"infra2_sitelocation.5"},
{"type":"Feature","geometry":{"type":"Point","coordinates":[107.07536081836,-6.13767211914385,0]},"properties":{"gid":6,"__gid":10,"id_project":"1321047","project":"Jalan Akses dan Kawasan Avasta","coordinate":"UTM WGS 1984 Zone 48S","business_u":"Infrastructure II Division","epsg":32748,"link":"https://ptwaskita-my.sharepoint.com/:p:/r/personal/fahmi_waskita_co_id/_layouts/15/Doc.aspx?sourcedoc=%7B7A50CD1F-AC11-4A3A-BA31-0FCAFCBA5709%7D&file=Site%20facility%20avasta.pptx&action=edit&mobileredirect=true","status":"on going"},"id":"infra2_sitelocation.6"},
{"type":"Feature","geometry":{"type":"Point","coordinates":[107.778297944766,-6.33522949489306,0]},"properties":{"gid":7,"__gid":13,"id_project":"1324001","project":"Jalan Tol Patimban Seksi 2","coordinate":"UTM WGS 1984 Zone 48S","business_u":"Infrastructure II Division","epsg":32748,"link":"https://ptwaskita-my.sharepoint.com/:f:/g/personal/fahmi_waskita_co_id/EihXVV0umINMviLEBRoVKHABtecr7ENp2w0CD4vbB3m2fA?e=80sosd","status":"on going"},"id":"infra2_sitelocation.7"},
{"type":"Feature","geometry":{"type":"Point","coordinates":[104.754865055619,-2.95261248988534,0]},"properties":{"gid":8,"__gid":15,"id_project":"1322008","project":"FO Simpang Sekip - Palembang JOI 65%","coordinate":"UTM WGS 1984 Zone 48S","business_u":"Infrastructure II Division","epsg":32748,"link":"https://ptwaskita-my.sharepoint.com/:f:/g/personal/fahmi_waskita_co_id/EsMMca7gSepClBoREG2hAYEBZebQadLeFb0MtDCExnqsNw?e=pToq1J","status":"finished"},"id":"infra2_sitelocation.8"},
{"type":"Feature","geometry":{"type":"Point","coordinates":[105.800971766801,-6.519515335929,0]},"properties":{"gid":9,"__gid":16,"id_project":"1324003","project":"Jalan Tol Serang-Panimbang Seksi III Fase 2 Paket 3","coordinate":"UTM WGS 1984 Zone 48S","business_u":"Infrastructure II Division","epsg":32748,"link":"https://ptwaskita-my.sharepoint.com/:f:/g/personal/fahmi_waskita_co_id/ElPR9EfCwZBNj-rQxzIPbREBWW6dcIg_vOXARagSh_r0_Q?e=wzj3Ri","status":"hold"},"id":"infra2_sitelocation.9"},
{"type":"Feature","geometry":{"type":"Point","coordinates":[112.111170060489,-8.3098320355904,0]},"properties":{"gid":10,"__gid":18,"id_project":"1323039","project":"Jalan Lot 2 Buluwalang-Sidomulyo-Tambakrejo (JOI 40%)","coordinate":"UTM WGS 1984 Zone 49S","business_u":"Infrastructure II Division","epsg":32749,"link":"https://ptwaskita-my.sharepoint.com/:f:/g/personal/fahmi_waskita_co_id/Ek99HK7t7GRAkHfgub72tkQBP9XU5kx0AhVqUQZVbg0CAA?e=qLqVMT","status":"on going"},"id":"infra2_sitelocation.10"},
{"type":"Feature","geometry":{"type":"Point","coordinates":[128.327485346588,2.45499090421935,0]},"properties":{"gid":11,"__gid":24,"id_project":"1320027","project":"Pemabangunan Jalan Sofi - Wayabula 1","coordinate":"UTM WGS 1984 Zone 52N","business_u":"Infrastructure II Division","epsg":32652,"status":"finished"},"id":"infra2_sitelocation.11"},
{"type":"Feature","geometry":{"type":"Point","coordinates":[113.564386801003,-7.72590747130179,0]},"properties":{"gid":12,"__gid":21,"id_project":"1323020","project":"Tol Probolinggo Banyuwangi Paket 3 (JOI member 25%)","coordinate":"UTM WGS 1984 Zone 49S","business_u":"Infrastructure II Division","epsg":32749,"link":"https://ptwaskita-my.sharepoint.com/:f:/g/personal/fahmi_waskita_co_id/EgBhZt9h2CtIqzT9s5SN2u8BFOFo9cC3qsQsqx9-BExuVQ?e=7aP7ix","status":"on going"},"id":"infra2_sitelocation.12"},
{"type":"Feature","geometry":{"type":"Point","coordinates":[107.909360351799,-6.23277752168327,0]},"properties":{"gid":13,"__gid":14,"id_project":"1323007","project":"Patimban Port Development Paket 5 (JOI member 15%)","coordinate":"UTM WGS 1984 Zone 48S","business_u":"Infrastructure II Division","epsg":32748,"link":"https://ptwaskita-my.sharepoint.com/:f:/g/personal/fahmi_waskita_co_id/EnPISRaY7HRCqlK7ejMAvngBtOSTAW_M8eHV2IU2vkFSag?e=JwI6Np","status":"on going"},"id":"infra2_sitelocation.13"},
{"type":"Feature","geometry":{"type":"Point","coordinates":[116.694385222708,-1.15015538547022,0]},"properties":{"gid":14,"__gid":4,"id_project":"1324008","project":"Jalan Akses Bandara VVIP IKN","coordinate":"UTM WGS 1984 Zone 50S","business_u":"Infrastructure II Division","epsg":32750,"link":"https://ptwaskita-my.sharepoint.com/:f:/g/personal/fahmi_waskita_co_id/EnPISRaY7HRCqlK7ejMAvngBtOSTAW_M8eHV2IU2vkFSag?e=JwI6Np","status":"hold"},"id":"infra2_sitelocation.14"},
{"type":"Feature","geometry":{"type":"Point","coordinates":[109.943480235472,-6.92660563729937,0]},"properties":{"gid":15,"__gid":17,"id_project":"1323043","project":"Pematangan Lahan KIT Batang Klaster 1 Fase 2 Tahap 1","coordinate":"UTM WGS 1984 Zone 49S","business_u":"Infrastructure II Division","epsg":32749,"link":"https://ptwaskita-my.sharepoint.com/:f:/g/personal/fahmi_waskita_co_id/ErFOnXLoW2pMj5aR8bAcwOwB2Oqw_Cg32L0V08K4-HkC6w?e=kWpFO7","status":"finished"},"id":"infra2_sitelocation.15"},
{"type":"Feature","geometry":{"type":"Point","coordinates":[106.796493209392,-6.78739342782984,0]},"properties":{"gid":16,"__gid":7,"id_project":"1316019","project":"Jalan Tol Bocimi Seksi 2","coordinate":"UTM WGS 1984 Zone 48S","business_u":"Infrastructure II Division","epsg":32748,"link":"https://ptwaskita-my.sharepoint.com/:f:/g/personal/fahmi_waskita_co_id/EsblmzBj0hVHlDeITJEcSj4BpKzEGIl8qMBKax4eGhMo-A?e=sWZUhe","status":"finished"},"id":"infra2_sitelocation.16"},
{"type":"Feature","geometry":{"type":"Point","coordinates":[115.990503280184,3.76680319244747,0]},"properties":{"gid":17,"__gid":23,"id_project":"1321025","project":"Jalan Long Semawu - Long Bawan 2 (JOP 70%)","coordinate":"UTM WGS 1984 Zone 50N","business_u":"Infrastructure II Division","epsg":32650,"link":"https://ptwaskita-my.sharepoint.com/:f:/g/personal/fahmi_waskita_co_id/ElJbJLtZ8DpDsEmIoyCZIxEBZO0Rm4mucrOmw8Xg6iQI1Q?e=kpAiB8","status":"finished"},"id":"infra2_sitelocation.17"},
{"type":"Feature","geometry":{"type":"Point","coordinates":[113.30899164005,-7.82173162072891,0]},"properties":{"gid":18,"__gid":20,"id_project":"1417059","project":"Jalan Tol Paspro Seksi 4","coordinate":"UTM WGS 1984 Zone 49S","business_u":"Infrastructure II Division","epsg":32749,"link":"https://ptwaskita-my.sharepoint.com/:f:/g/personal/fahmi_waskita_co_id/EsblmzBj0hVHlDeITJEcSj4BpKzEGIl8qMBKax4eGhMo-A?e=sWZUhe","status":"finished"},"id":"infra2_sitelocation.18"},
{"type":"Feature","geometry":{"type":"Point","coordinates":[106.950661055366,-6.12209784814394,0]},"properties":{"gid":19,"__gid":12,"id_project":"1317039","project":"Jalan Tol Cibitung - CIlincing Seksi 2","coordinate":"UTM WGS 1984 Zone 48S","business_u":"Infrastructure II Division","epsg":32748,"link":"https://ptwaskita-my.sharepoint.com/:f:/g/personal/fahmi_waskita_co_id/Ev3vv6cjp4ZBoWbroc3hO-QB6S41SyQ1vO9bVcem94iR6w?e=nxOtBj","status":"finished"},"id":"infra2_sitelocation.19"},
{"type":"Feature","geometry":{"type":"Point","coordinates":[107.018199666045,-6.35384745145911,0]},"properties":{"gid":20,"__gid":1,"id_project":"1316022","project":"Tol Cimanggis Cibitung Seksi 2","coordinate":"UTM WGS 1984 Zone 48S","business_u":"Infrastructure II Division","epsg":32748,"link":"https://ptwaskita-my.sharepoint.com/:f:/g/personal/fahmi_waskita_co_id/Ev3vv6cjp4ZBoWbroc3hO-QB6S41SyQ1vO9bVcem94iR6w?e=c5ONMe","status":"finished"},"id":"infra2_sitelocation.20"},
{"type":"Feature","geometry":{"type":"Point","coordinates":[116.715295376875,-0.949126585608693,0]},"properties":{"gid":21,"__gid":6,"id_project":"1322032","project":"Jalan IKN Sepaku Segmen 4 JOI 70%","coordinate":"UTM WGS 1984 Zone 50S","business_u":"Infrastructure II Division","epsg":32750,"link":"https://ptwaskita-my.sharepoint.com/:f:/g/personal/fahmi_waskita_co_id/EtWtr-qYOf1Onmrfbiyjk8IByt8N4Ycy5bF-znYd7rG9Mg?e=4YPMfe","status":"finished"},"id":"infra2_sitelocation.21"},
{"type":"Feature","geometry":{"type":"Point","coordinates":[112.005874905754,-8.29442059156904,0]},"properties":{"gid":22,"__gid":19,"id_project":"1322007","project":"Jalan dan Jembatan Batas Kab. Blitar","coordinate":"UTM WGS 1984 Zone 49S","business_u":"Infrastructure II Division","epsg":32749,"link":"https://ptwaskita-my.sharepoint.com/:f:/g/personal/fahmi_waskita_co_id/EukNTyiE9AZPg-K7syXBaCwBg9FfgvU8d9F123QPcQY9Ww?e=hCc0w9","status":"finished"},"id":"infra2_sitelocation.22"},
{"type":"Feature","geometry":{"type":"Point","coordinates":[134.863340932349,-3.26431470905435,0]},"properties":{"gid":23,"__gid":22,"id_project":"1322039","project":"Rekonstruksi Jl. Kwatisore - Papua JOI 70%","coordinate":"UTM WGS 1984 Zone 53S","business_u":"Infrastructure II Division","epsg":32753,"link":"https://ptwaskita-my.sharepoint.com/:f:/g/personal/fahmi_waskita_co_id/ElAXrS2f5XtNgFKGbls1S60BRflWU7eSVTHYNS35cJYEng?e=ff2Izs","status":"finished"},"id":"infra2_sitelocation.23"},
{"type":"Feature","geometry":{"type":"Point","coordinates":[107.187258836383,-6.41841191743424,0]},"properties":{"gid":24,"__gid":11,"id_project":"1323023","project":"Underpass Deltamas SS Sukabungah","coordinate":"UTM WGS 1984 Zone 48S","business_u":"Infrastructure II Division","epsg":32748,"link":"https://ptwaskita-my.sharepoint.com/:f:/g/personal/fahmi_waskita_co_id/EoEi6zH2wBhMnNrNuh6em9YBcxX4yWl-CrKD0Jf2IEqQAg?e=oXPlWS","status":"finished"},"id":"infra2_sitelocation.24"},
{"type":"Feature","geometry":{"type":"Point","coordinates":[103.714015645882,-1.98516915979424,0]},"properties":{"gid":25,"__gid":26,"id_project":"1323019","project":"Jalan Tol Bayunglencir - Tempino Seksi 1","coordinate":"UTM WGS 1984 Zone 49S","business_u":"Infrastructure II Division","epsg":32749,"link":"https://ptwaskita-my.sharepoint.com/:f:/g/personal/fahmi_waskita_co_id/EguIyerIoRpOvC1O9Q75pD8Bws9N4FTYRTHyewPrtV1epw?e=yQTLJy","status":"on going"},"id":"infra2_sitelocation.25"},
{"type":"Feature","geometry":{"type":"Point","coordinates":[116.663578074097,-1.0121136583861,0]},"properties":{"gid":26,"__gid":30,"id_project":"1325012","project":"Peningkatan Jalan Paket D KIPP 1C","coordinate":"UTM WGS 1984 Zone 50S","business_u":"Infrastructure II Division","epsg":32750,"link":"https://ptwaskita-my.sharepoint.com/:f:/g/personal/fahmi_waskita_co_id/EiY2xHfAfCNEvZq7PYjNPQYBPBGFOL7X6prQb563E4eaRg?e=ENUe1E","status":"on going"},"id":"infra2_sitelocation.26"},
{"type":"Feature","geometry":{"type":"Point","coordinates":[116.790205523767,-1.137319065096,0]},"properties":{"gid":27,"__gid":25,"id_project":"1324004","project":"Jalan Tol IKN Seksi 3B","coordinate":"UTM WGS 1984 Zone 50S","business_u":"Infrastructure II Division","epsg":32750,"link":"https://ptwaskita-my.sharepoint.com/:f:/g/personal/fahmi_waskita_co_id/Ektwhy35SkpNlD_UzSBMqzQBBw5C_dqy2FU8X9cp87R3ZQ?e=hWGglg","status":"on going"},"id":"infra2_sitelocation.27"},
{"type":"Feature","geometry":{"type":"Point","coordinates":[115.816635977836,-0.873367832129562,0]},"properties":{"gid":28,"__gid":29,"id_project":"1320031","project":"Jalan Sp. Blusuh - BTS Kalteng JOP 62.5","coordinate":"UTM WGS 1984 Zone 50S","business_u":"Infrastructure II Division","epsg":32750,"link":"https://ptwaskita-my.sharepoint.com/:f:/g/personal/fahmi_waskita_co_id/EhsrznsiOttNmhmKDhzr0-cB-eOyvIKihZAVOvb4ohRG7Q?e=XR6cSB","status":"finished"},"id":"infra2_sitelocation.28"},
{"type":"Feature","geometry":{"type":"Point","coordinates":[119.85842554576,-0.885630540751316,0]},"properties":{"gid":29,"__gid":27,"id_project":"1322024","project":"Rekonstruksi Jembatan Palu 4","coordinate":"UTM WGS 1984 Zone 50S","business_u":"Infrastructure II Division","epsg":32750,"link":"https://ptwaskita-my.sharepoint.com/:f:/g/personal/fahmi_waskita_co_id/EqL4XJcuiTJKgE8J0dvGCtcBQNTvhch8g7DgycWT4aj7Lw?e=y1PHT7","status":"finished"},"id":"infra2_sitelocation.29"},
{"type":"Feature","geometry":{"type":"Point","coordinates":[116.733312076191,-1.10666959828711,0]},"properties":{"gid":30,"__gid":28,"id_project":"1322033","project":"Tol IKN Tempadung - Pulau Balang (JOI 50%)","coordinate":"UTM WGS 1984 Zone 50S","business_u":"Infrastructure II Division","epsg":32750,"link":"https://ptwaskita-my.sharepoint.com/:f:/g/personal/fahmi_waskita_co_id/EmPx9iuSnq1DoGDQ-dqYNigBxGCALRcoRdoGb6HRrIBvmw?e=YKf8IL","status":"finished"},"id":"infra2_sitelocation.30"},
{"type":"Feature","geometry":{"type":"Point","coordinates":[116.658282941624,-1.05095949755998,0]},"properties":{"gid":33,"id_project":"1325026","project":"Pembangunan Jalan Kawasan Kompoleks Yudikatif IKN","coordinate":"UTM WGS 1984 Zone 50S","business_u":"Infrastructure II Division","epsg":32750,"link":"https://ptwaskita-my.sharepoint.com/:f:/g/personal/fahmi_waskita_co_id/IgDAJ5BFOfIvTqmEYwwipGnbATGbvTh5Kf8Pv6m9bHYl2lM?e=uCqB3S","status":"on going"},"id":"infra2_sitelocation.31"},
{"type":"Feature","geometry":{"type":"Point","coordinates":[115.143672222795,-8.20554995612176,0]},"properties":{"gid":34,"id_project":"1325037","project":"Pembangunan Shortcut Jalan Mengwitani-Singaraja","coordinate":"UTM WGS 1984 Zone 50S","business_u":"Infrastructure II Division","epsg":32750,"link":"https://ptwaskita-my.sharepoint.com/:f:/g/personal/fahmi_waskita_co_id/IgAwxwvwI5nnSpIeJIuBYaYFAY7D5rCM2OjOmZhJ5rryHYk?e=3CQYP8","status":"on going"},"id":"infra2_sitelocation.32"}
]}